{
  "train_loss": [
    0.8868246929986137,
    0.7486902049609593,
    0.6887714011328561,
    0.7301892127309527,
    0.637684336730412,
    0.2532998528331518,
    0.003750683689889099,
    0.000744976635490145,
    0.00037904551468922624
  ],
  "train_acc": [
    55.0,
    43.0,
    57.0,
    48.0,
    71.0,
    99.0,
    100.0,
    100.0,
    100.0
  ],
  "test_acc": [
    50.0,
    50.0,
    50.0,
    100.0,
    100.0,
    100.0,
    100.0,
    100.0,
    100.0
  ],
  "best_acc": 100.0,
  "best_epoch": 3
}